brand,name,product_type,category,material,standard,max_age_mfr_years,max_age_use_years,breaking_strength,working_load_limit,max_user_weight_kg,rope_diameter_min_mm,rope_diameter_max_mm,serial_number_location,inspection_interval_years,manufacturer_code,manual_url,product_page_url,recall_url,inspection_notice_url
Climbing Technology,GRYPHON size S-M,ppe,Harnesses,,"EN 361:2002, EN 358:2018, EN 813:2008",12,10,,,140,,,,,7H174BC,https://www.climbingtechnology.com/wp-content/uploads/2021/10/IST52-AXGRYCTS1-S2_rev-1_03-23.pdf,https://www.climbingtechnology.com/en/professional-en/harnesses_/gryphon,,https://www.climbingtechnology.com/en/alerts/24-may-2023-gryphon
Climbing Technology,GRYPHON size M-L,ppe,Harnesses,,"EN 361:2002, EN 358:2018, EN 813:2008",12,10,,,140,,,,,7H174CD,https://www.climbingtechnology.com/wp-content/uploads/2021/10/IST52-AXGRYCTS1-S2_rev-1_03-23.pdf,https://www.climbingtechnology.com/en/professional-en/harnesses_/gryphon,,https://www.climbingtechnology.com/en/alerts/24-may-2023-gryphon
Climbing Technology,GRYPHON size L-XL,ppe,Harnesses,,"EN 361:2002, EN 358:2018, EN 813:2008",12,10,,,140,,,,,7H174DE,https://www.climbingtechnology.com/wp-content/uploads/2021/10/IST52-AXGRYCTS1-S2_rev-1_03-23.pdf,https://www.climbingtechnology.com/en/professional-en/harnesses_/gryphon,,https://www.climbingtechnology.com/en/alerts/24-may-2023-gryphon
Climbing Technology,XARRIER size S-M,ppe,Harnesses,,"EN 813:2008, EN 358:2018, EN 12277:2015+A1:2018-C",12,10,,,140,,,,,7H179BC01,https://www.climbingtechnology.com/wp-content/uploads/2021/12/IST52-7H180CTS1-S2_rev-0_10-21.pdf,https://www.climbingtechnology.com/en/professional-en/harnesses_/xarrier,,
Climbing Technology,XARRIER size M-L,ppe,Harnesses,,"EN 813:2008, EN 358:2018, EN 12277:2015+A1:2018-C",12,10,,,140,,,,,7H179CD01,https://www.climbingtechnology.com/wp-content/uploads/2021/12/IST52-7H180CTS1-S2_rev-0_10-21.pdf,https://www.climbingtechnology.com/en/professional-en/harnesses_/xarrier,,
Climbing Technology,XARRIER size L-XL,ppe,Harnesses,,"EN 813:2008, EN 358:2018, EN 12277:2015+A1:2018-C",12,10,,,140,,,,,7H179DE01,https://www.climbingtechnology.com/wp-content/uploads/2021/12/IST52-7H180CTS1-S2_rev-0_10-21.pdf,https://www.climbingtechnology.com/en/professional-en/harnesses_/xarrier,,
Climbing Technology,TOP X,ppe,Harnesses,,EN 361:2002 (in combination with XARRIER),12,10,,,140,,,,,7H180AF03,https://www.climbingtechnology.com/wp-content/uploads/2021/12/IST52-7H180CTS1-S2_rev-0_10-21.pdf,https://www.climbingtechnology.com/en/professional-en/harnesses_/top_x,,
Climbing Technology,TOP Y,ppe,Harnesses,,EN 361:2002 (in combination with XARRIER),12,10,,,140,,,,,7H181AF01,https://www.climbingtechnology.com/wp-content/uploads/2021/12/IST52-7H180CTS1-S2_rev-0_10-21.pdf,https://www.climbingtechnology.com/en/professional-en/harnesses_/top_y,,
Climbing Technology,HOOK REST,no_ppe,Harnesses,,,,,,,,,,,,6V522,https://www.climbingtechnology.com/wp-content/uploads/2020/03/IST46-HORESCTS_rev-0_12-21.pdf,https://www.climbingtechnology.com/en/professional-en/harnesses_/hook_rest,,
Climbing Technology,WORK TEC 140 size S-M,ppe,Harnesses,,EN 361:2002,12,10,,,140,,,,,7H165BCO1,https://www.climbingtechnology.com/wp-content/uploads/2020/06/IST52-WO140CTS1-S2_rev-0_12-21.pdf,https://www.climbingtechnology.com/en/professional-en/harnesses_/work_tec_140,,
Climbing Technology,WORK TEC 140 size L-XL,ppe,Harnesses,,EN 361:2002,12,10,,,140,,,,,7H165DEO1,https://www.climbingtechnology.com/wp-content/uploads/2020/06/IST52-WO140CTS1-S2_rev-0_12-21.pdf,https://www.climbingtechnology.com/en/professional-en/harnesses_/work_tec_140,,
Climbing Technology,WAIST TEC size S-M,ppe,Harnesses,,EN 358:2018,12,10,,,140,,,,,7H166BCO1,https://www.climbingtechnology.com/wp-content/uploads/2020/06/IST52-WO140CTS1-S2_rev-0_12-21.pdf,https://www.climbingtechnology.com/en/professional-en/harnesses_/waist_tec,,
Climbing Technology,WAIST TEC size L-XL,ppe,Harnesses,,EN 358:2018,12,10,,,140,,,,,7H166DEO1,https://www.climbingtechnology.com/wp-content/uploads/2020/06/IST52-WO140CTS1-S2_rev-0_12-21.pdf,https://www.climbingtechnology.com/en/professional-en/harnesses_/waist_tec,,
Climbing Technology,WORK TEC size S-M,ppe,Harnesses,,EN 361:2002,12,10,,,,,,,,7H144BCO1,https://www.climbingtechnology.com/wp-content/uploads/2020/02/IST52-WORKECTS_rev-0_12-21.pdf,https://www.climbingtechnology.com/en/professional-en/harnesses_/work_tec,,
Climbing Technology,WORK TEC size L-XL,ppe,Harnesses,,EN 361:2002,12,10,,,,,,,,7H144DEO1,https://www.climbingtechnology.com/wp-content/uploads/2020/02/IST52-WORKECTS_rev-0_12-21.pdf,https://www.climbingtechnology.com/en/professional-en/harnesses_/work_tec,,
Climbing Technology,WORK TEC QR size S-M,ppe,Harnesses,,EN 361:2002,12,10,,,,,,,,7H142BCO1,https://www.climbingtechnology.com/wp-content/uploads/2020/02/IST52-WORKECTS_rev-0_12-21.pdf,https://www.climbingtechnology.com/en/professional-en/harnesses_/work_tec_qr,,
Climbing Technology,WORK TEC QR size L-XL,ppe,Harnesses,,EN 361:2002,12,10,,,,,,,,7H142DEO1,https://www.climbingtechnology.com/wp-content/uploads/2020/02/IST52-WORKECTS_rev-0_12-21.pdf,https://www.climbingtechnology.com/en/professional-en/harnesses_/work_tec_qr,,
Climbing Technology,SEAT TEC,no_ppe,Harnesses,,,,,,,140,,,,,7H158AF,https://www.climbingtechnology.com/wp-content/uploads/2017/05/IST52-7H158CT_rev-4_11-22.pdf,https://www.climbingtechnology.com/en/professional-en/harnesses_/seat_tec,,
Climbing Technology,ASCENT PRO size XS-S yellow,ppe,Harnesses,,EN 12277:2015-C,12,10,,,,,,,,7H153AB02,https://www.climbingtechnology.com/wp-content/uploads/2016/07/IST52-AIRASCTS_rev-0_12-21.pdf,https://www.climbingtechnology.com/en/professional-en/harnesses_/ascent_pro,,
Climbing Technology,ASCENT PRO size XS-S black,ppe,Harnesses,,EN 12277:2015-C,12,10,,,,,,,,7H153AB03,https://www.climbingtechnology.com/wp-content/uploads/2016/07/IST52-AIRASCTS_rev-0_12-21.pdf,https://www.climbingtechnology.com/en/professional-en/harnesses_/ascent_pro,,
Climbing Technology,ASCENT PRO size M-L yellow,ppe,Harnesses,,EN 12277:2015-C,12,10,,,,,,,,7H153CD02,https://www.climbingtechnology.com/wp-content/uploads/2016/07/IST52-AIRASCTS_rev-0_12-21.pdf,https://www.climbingtechnology.com/en/professional-en/harnesses_/ascent_pro,,
Climbing Technology,ASCENT PRO size M-L black,ppe,Harnesses,,EN 12277:2015-C,12,10,,,,,,,,7H153CD03,https://www.climbingtechnology.com/wp-content/uploads/2016/07/IST52-AIRASCTS_rev-0_12-21.pdf,https://www.climbingtechnology.com/en/professional-en/harnesses_/ascent_pro,,
Climbing Technology,ASCENT PRO size L-XL yellow,ppe,Harnesses,,EN 12277:2015-C,12,10,,,,,,,,7H153DE02,https://www.climbingtechnology.com/wp-content/uploads/2016/07/IST52-AIRASCTS_rev-0_12-21.pdf,https://www.climbingtechnology.com/en/professional-en/harnesses_/ascent_pro,,
Climbing Technology,ASCENT PRO size L-XL black,ppe,Harnesses,,EN 12277:2015-C,12,10,,,,,,,,7H153DE03,https://www.climbingtechnology.com/wp-content/uploads/2016/07/IST52-AIRASCTS_rev-0_12-21.pdf,https://www.climbingtechnology.com/en/professional-en/harnesses_/ascent_pro,,
Climbing Technology,AIR TOP size XS-S yellow,ppe,Harnesses,,EN 361:2002 (in combination with ASCENT PRO),12,10,,,,,,,,7H152AB02AA,https://www.climbingtechnology.com/wp-content/uploads/2016/07/IST52-AIRASCTS_rev-0_12-21.pdf,https://www.climbingtechnology.com/en/professional-en/harnesses_/air_top,,
Climbing Technology,AIR TOP size XS-S black,ppe,Harnesses,,EN 361:2002 (in combination with ASCENT PRO),12,10,,,,,,,,7H152AB03AB,https://www.climbingtechnology.com/wp-content/uploads/2016/07/IST52-AIRASCTS_rev-0_12-21.pdf,https://www.climbingtechnology.com/en/professional-en/harnesses_/air_top,,
Climbing Technology,AIR TOP size M-XL yellow,ppe,Harnesses,,EN 361:2002 (in combination with ASCENT PRO),12,10,,,,,,,,7H152CE02AA,https://www.climbingtechnology.com/wp-content/uploads/2016/07/IST52-AIRASCTS_rev-0_12-21.pdf,https://www.climbingtechnology.com/en/professional-en/harnesses_/air_top,,
Climbing Technology,AIR TOP size M-XL black,ppe,Harnesses,,EN 361:2002 (in combination with ASCENT PRO),12,10,,,,,,,,7H152CE03AB,https://www.climbingtechnology.com/wp-content/uploads/2016/07/IST52-AIRASCTS_rev-0_12-21.pdf,https://www.climbingtechnology.com/en/professional-en/harnesses_/air_top,,
Climbing Technology,AIR ASCENT size XS-S yellow,ppe,Harnesses,,"EN 361:2002, EN 12277:2015-C",12,10,,,,,,,,7H151AB02AA,https://www.climbingtechnology.com/wp-content/uploads/2016/07/IST52-AIRASCTS_rev-0_12-21.pdf,https://www.climbingtechnology.com/en/professional-en/harnesses_/air_ascent,,
Climbing Technology,AIR ASCENT size XS-S black,ppe,Harnesses,,"EN 361:2002, EN 12277:2015-C",12,10,,,,,,,,7H151AB03AB,https://www.climbingtechnology.com/wp-content/uploads/2016/07/IST52-AIRASCTS_rev-0_12-21.pdf,https://www.climbingtechnology.com/en/professional-en/harnesses_/air_ascent,,
Climbing Technology,AIR ASCENT size M-L yellow,ppe,Harnesses,,"EN 361:2002, EN 12277:2015-C",12,10,,,,,,,,7H151CD02AA,https://www.climbingtechnology.com/wp-content/uploads/2016/07/IST52-AIRASCTS_rev-0_12-21.pdf,https://www.climbingtechnology.com/en/professional-en/harnesses_/air_ascent,,
Climbing Technology,AIR ASCENT size M-L black,ppe,Harnesses,,"EN 361:2002, EN 12277:2015-C",12,10,,,,,,,,7H151CD03AB,https://www.climbingtechnology.com/wp-content/uploads/2016/07/IST52-AIRASCTS_rev-0_12-21.pdf,https://www.climbingtechnology.com/en/professional-en/harnesses_/air_ascent,,
Climbing Technology,AIR ASCENT size L-XL yellow,ppe,Harnesses,,"EN 361:2002, EN 12277:2015-C",12,10,,,,,,,,7H151DE02AA,https://www.climbingtechnology.com/wp-content/uploads/2016/07/IST52-AIRASCTS_rev-0_12-21.pdf,https://www.climbingtechnology.com/en/professional-en/harnesses_/air_ascent,,
Climbing Technology,AIR ASCENT size L-XL black,ppe,Harnesses,,"EN 361:2002, EN 12277:2015-C",12,10,,,,,,,,7H151DE03AB,https://www.climbingtechnology.com/wp-content/uploads/2016/07/IST52-AIRASCTS_rev-0_12-21.pdf,https://www.climbingtechnology.com/en/professional-en/harnesses_/air_ascent,,
Climbing Technology,ARIES White,ppe,Helmets,Shell: ABS; Inner: PA; Padding: PES/PU/PA; Webbing: PES; Headband: PA,"EN 397:2012, EN 50365:2002 class 0, ANSI/ISEA Z89.1-2014 Type 1 Class E",12,10,,,,,,,,6X93207,https://www.climbingtechnology.com/wp-content/uploads/2024/10/IST41-ARIESSKS1-S2_rev.0-09-24_web.pdf,https://www.climbingtechnology.com/en/professional-en/helmets_/work/aries,,
Climbing Technology,ARIES Yellow,ppe,Helmets,Shell: ABS; Inner: PA; Padding: PES/PU/PA; Webbing: PES; Headband: PA,"EN 397:2012, EN 50365:2002 class 0, ANSI/ISEA Z89.1-2014 Type 1 Class E",12,10,,,,,,,,6X93213,https://www.climbingtechnology.com/wp-content/uploads/2024/10/IST41-ARIESSKS1-S2_rev.0-09-24_web.pdf,https://www.climbingtechnology.com/en/professional-en/helmets_/work/aries,,
Climbing Technology,ARIES AIR Orange,ppe,Helmets,Shell: ABS; Inner: PA; Padding: PES/PU/PA; Webbing: PES; Headband: PA,EN 397:2012,12,10,,,,,,,,6X92901,https://www.climbingtechnology.com/wp-content/uploads/2024/10/IST41-ARIESSKS1-S2_rev.0-09-24_web.pdf,https://www.climbingtechnology.com/en/professional-en/helmets_/work/aries_air,,
Climbing Technology,ARIES AIR Red,ppe,Helmets,Shell: ABS; Inner: PA; Padding: PES/PU/PA; Webbing: PES; Headband: PA,EN 397:2012,12,10,,,,,,,,6X92902,https://www.climbingtechnology.com/wp-content/uploads/2024/10/IST41-ARIESSKS1-S2_rev.0-09-24_web.pdf,https://www.climbingtechnology.com/en/professional-en/helmets_/work/aries_air,,
Climbing Technology,ARIES AIR Black,ppe,Helmets,Shell: ABS; Inner: PA; Padding: PES/PU/PA; Webbing: PES; Headband: PA,EN 397:2012,12,10,,,,,,,,6X92905,https://www.climbingtechnology.com/wp-content/uploads/2024/10/IST41-ARIESSKS1-S2_rev.0-09-24_web.pdf,https://www.climbingtechnology.com/en/professional-en/helmets_/work/aries_air,,
Climbing Technology,ARIES AIR White,ppe,Helmets,Shell: ABS; Inner: PA; Padding: PES/PU/PA; Webbing: PES; Headband: PA,EN 397:2012,12,10,,,,,,,,6X92907,https://www.climbingtechnology.com/wp-content/uploads/2024/10/IST41-ARIESSKS1-S2_rev.0-09-24_web.pdf,https://www.climbingtechnology.com/en/professional-en/helmets_/work/aries_air,,
Climbing Technology,ARIES AIR Yellow,ppe,Helmets,Shell: ABS; Inner: PA; Padding: PES/PU/PA; Webbing: PES; Headband: PA,EN 397:2012,12,10,,,,,,,,6X92913,https://www.climbingtechnology.com/wp-content/uploads/2024/10/IST41-ARIESSKS1-S2_rev.0-09-24_web.pdf,https://www.climbingtechnology.com/en/professional-en/helmets_/work/aries_air,,
Climbing Technology,ARIES TREE Orange,ppe,Helmets,Shell: ABS; Inner: PA; Padding: PES/PU/PA; Webbing: PES; Headband: PA,EN 12492:2012,12,10,,,,,,,,6X93101,https://www.climbingtechnology.com/wp-content/uploads/2019/12/IST41-HELARCTS1-S2_rev-0_09-23.pdf,https://www.climbingtechnology.com/en/professional-en/helmets_/tree_climbing/aries_tree,,
Climbing Technology,ARIES TREE Red,ppe,Helmets,Shell: ABS; Inner: PA; Padding: PES/PU/PA; Webbing: PES; Headband: PA,EN 12492:2012,12,10,,,,,,,,6X93102,https://www.climbingtechnology.com/wp-content/uploads/2019/12/IST41-HELARCTS1-S2_rev-0_09-23.pdf,https://www.climbingtechnology.com/en/professional-en/helmets_/tree_climbing/aries_tree,,
Climbing Technology,ARIES TREE Black,ppe,Helmets,Shell: ABS; Inner: PA; Padding: PES/PU/PA; Webbing: PES; Headband: PA,EN 12492:2012,12,10,,,,,,,,6X93105,https://www.climbingtechnology.com/wp-content/uploads/2019/12/IST41-HELARCTS1-S2_rev-0_09-23.pdf,https://www.climbingtechnology.com/en/professional-en/helmets_/tree_climbing/aries_tree,,
Climbing Technology,ARIES TREE White,ppe,Helmets,Shell: ABS; Inner: PA; Padding: PES/PU/PA; Webbing: PES; Headband: PA,EN 12492:2012,12,10,,,,,,,,6X93107,https://www.climbingtechnology.com/wp-content/uploads/2019/12/IST41-HELARCTS1-S2_rev-0_09-23.pdf,https://www.climbingtechnology.com/en/professional-en/helmets_/tree_climbing/aries_tree,,
Climbing Technology,ARIES TREE Yellow,ppe,Helmets,Shell: ABS; Inner: PA; Padding: PES/PU/PA; Webbing: PES; Headband: PA,EN 12492:2012,12,10,,,,,,,,6X93113,https://www.climbingtechnology.com/wp-content/uploads/2019/12/IST41-HELARCTS1-S2_rev-0_09-23.pdf,https://www.climbingtechnology.com/en/professional-en/helmets_/tree_climbing/aries_tree,,
Climbing Technology,FINCH 2m,ppe,Lanyards,,EN 358:2018,12,10,,,140,,,,,7L92902F0,https://www.climbingtechnology.com/wp-content/uploads/2019/12/IST23-FINCHCTS_rev-0_12-21.pdf,https://www.climbingtechnology.com/en/professional-en/lanyards_/positioning/finch,,
Climbing Technology,FINCH 3m,ppe,Lanyards,,EN 358:2018,12,10,,,140,,,,,7L92903F0,https://www.climbingtechnology.com/wp-content/uploads/2019/12/IST23-FINCHCTS_rev-0_12-21.pdf,https://www.climbingtechnology.com/en/professional-en/lanyards_/positioning/finch,,
Climbing Technology,FINCH 5m,ppe,Lanyards,,EN 358:2018,12,10,,,140,,,,,7L92905F0,https://www.climbingtechnology.com/wp-content/uploads/2019/12/IST23-FINCHCTS_rev-0_12-21.pdf,https://www.climbingtechnology.com/en/professional-en/lanyards_/positioning/finch,,
Climbing Technology,FINCH SHELTER 2m,ppe,Lanyards,,EN 358:2018,12,10,,,140,,,,,7L92902FH,https://www.climbingtechnology.com/wp-content/uploads/2019/12/IST23-FINCHCTS_rev-0_12-21.pdf,https://www.climbingtechnology.com/en/professional-en/lanyards_/positioning/finch_shelter,,
Climbing Technology,FINCH SHELTER 3m,ppe,Lanyards,,EN 358:2018,12,10,,,140,,,,,7L92903FH,https://www.climbingtechnology.com/wp-content/uploads/2019/12/IST23-FINCHCTS_rev-0_12-21.pdf,https://www.climbingtechnology.com/en/professional-en/lanyards_/positioning/finch_shelter,,
Climbing Technology,FINCH SHELTER 5m,ppe,Lanyards,,EN 358:2018,12,10,,,140,,,,,7L92905FH,https://www.climbingtechnology.com/wp-content/uploads/2019/12/IST23-FINCHCTS_rev-0_12-21.pdf,https://www.climbingtechnology.com/en/professional-en/lanyards_/positioning/finch_shelter,,
Climbing Technology,FINCH STEEL 2m,ppe,Lanyards,,EN 358:2018,12,10,,,140,,,,,7L92902FK,https://www.climbingtechnology.com/wp-content/uploads/2019/12/IST23-FINCHCTS_rev-0_12-21.pdf,https://www.climbingtechnology.com/en/professional-en/lanyards_/positioning/finch_steel,,
Climbing Technology,FINCH STEEL 3m,ppe,Lanyards,,EN 358:2018,12,10,,,140,,,,,7L92903FK,https://www.climbingtechnology.com/wp-content/uploads/2019/12/IST23-FINCHCTS_rev-0_12-21.pdf,https://www.climbingtechnology.com/en/professional-en/lanyards_/positioning/finch_steel,,
Climbing Technology,FINCH STEEL 5m,ppe,Lanyards,,EN 358:2018,12,10,,,140,,,,,7L92905FK,https://www.climbingtechnology.com/wp-content/uploads/2019/12/IST23-FINCHCTS_rev-0_12-21.pdf,https://www.climbingtechnology.com/en/professional-en/lanyards_/positioning/finch_steel,,
Climbing Technology,FINCH COMBI 2m,ppe,Lanyards,,EN 358:2018,12,10,,,140,,,,,7L92902FE,https://www.climbingtechnology.com/wp-content/uploads/2019/12/IST23-FINCHCTS_rev-0_12-21.pdf,https://www.climbingtechnology.com/en/professional-en/lanyards_/positioning/finch_combi,,
Climbing Technology,FINCH COMBI 3m,ppe,Lanyards,,EN 358:2018,12,10,,,140,,,,,7L92903FE,https://www.climbingtechnology.com/wp-content/uploads/2019/12/IST23-FINCHCTS_rev-0_12-21.pdf,https://www.climbingtechnology.com/en/professional-en/lanyards_/positioning/finch_combi,,
Climbing Technology,FINCH COMBI 5m,ppe,Lanyards,,EN 358:2018,12,10,,,140,,,,,7L92905FE,https://www.climbingtechnology.com/wp-content/uploads/2019/12/IST23-FINCHCTS_rev-0_12-21.pdf,https://www.climbingtechnology.com/en/professional-en/lanyards_/positioning/finch_combi,,
Climbing Technology,FINCH+ 2m,ppe,Lanyards,,"EN 358:2018, EN 795:2012-B/C, EN 12841:2006-C (partial, see manual), TS 16415:2013-C",12,10,,,,,,,,7L92802H0 (PILLAR SG) / 7L92802H0CT1 (PILLAR TG),https://www.climbingtechnology.com/wp-content/uploads/2020/05/IST23-FIPLUCTS1-S2_rev-2_06-23.pdf,https://www.climbingtechnology.com/en/professional-en/textile_anchors/finch_plus,,
Climbing Technology,FINCH+ 3m,ppe,Lanyards,,"EN 358:2018, EN 795:2012-B/C, EN 12841:2006-C (partial, see manual), TS 16415:2013-C",12,10,,,,,,,,7L92803H0 (PILLAR SG) / 7L92803H0CT1 (PILLAR TG),https://www.climbingtechnology.com/wp-content/uploads/2020/05/IST23-FIPLUCTS1-S2_rev-2_06-23.pdf,https://www.climbingtechnology.com/en/professional-en/textile_anchors/finch_plus,,
Climbing Technology,FINCH+ 4m,ppe,Lanyards,,"EN 358:2018, EN 795:2012-B/C, EN 12841:2006-C (partial, see manual), TS 16415:2013-C",12,10,,,,,,,,7L92804H0 (PILLAR SG) / 7L92804H0CT1 (PILLAR TG),https://www.climbingtechnology.com/wp-content/uploads/2020/05/IST23-FIPLUCTS1-S2_rev-2_06-23.pdf,https://www.climbingtechnology.com/en/professional-en/textile_anchors/finch_plus,,
Climbing Technology,FINCH+ 5m,ppe,Lanyards,,"EN 358:2018, EN 795:2012-B/C, EN 12841:2006-C (partial, see manual), TS 16415:2013-C",12,10,,,,,,,,7L92805H0 (PILLAR SG) / 7L92805H0CT1 (PILLAR TG),https://www.climbingtechnology.com/wp-content/uploads/2020/05/IST23-FIPLUCTS1-S2_rev-2_06-23.pdf,https://www.climbingtechnology.com/en/professional-en/textile_anchors/finch_plus,,
Climbing Technology,FINCH+ 10m,ppe,Lanyards,,"EN 358:2018, EN 795:2012-B/C, EN 12841:2006-C (partial, see manual), TS 16415:2013-C",12,10,,,,,,,,7L92810H0 (PILLAR SG) / 7L92810H0CT1 (PILLAR TG),https://www.climbingtechnology.com/wp-content/uploads/2020/05/IST23-FIPLUCTS1-S2_rev-2_06-23.pdf,https://www.climbingtechnology.com/en/professional-en/textile_anchors/finch_plus,,
Climbing Technology,FINCH+ 15m,ppe,Lanyards,,"EN 358:2018, EN 795:2012-B/C, EN 12841:2006-C (partial, see manual), TS 16415:2013-C",12,10,,,,,,,,7L92815H0 (PILLAR SG) / 7L92815H0CT1 (PILLAR TG),https://www.climbingtechnology.com/wp-content/uploads/2020/05/IST23-FIPLUCTS1-S2_rev-2_06-23.pdf,https://www.climbingtechnology.com/en/professional-en/textile_anchors/finch_plus,,
Climbing Technology,FINCH+ 20m,ppe,Lanyards,,"EN 358:2018, EN 795:2012-B/C, EN 12841:2006-C (partial, see manual), TS 16415:2013-C",12,10,,,,,,,,7L92820H0 (PILLAR SG) / 7L92820H0CT1 (PILLAR TG),https://www.climbingtechnology.com/wp-content/uploads/2020/05/IST23-FIPLUCTS1-S2_rev-2_06-23.pdf,https://www.climbingtechnology.com/en/professional-en/textile_anchors/finch_plus,,
Climbing Technology,FINCH+ 30m,ppe,Lanyards,,"EN 358:2018, EN 795:2012-B/C, EN 12841:2006-C (partial, see manual), TS 16415:2013-C",12,10,,,,,,,,7L92830H0 (PILLAR SG) / 7L92830H0CT1 (PILLAR TG),https://www.climbingtechnology.com/wp-content/uploads/2020/05/IST23-FIPLUCTS1-S2_rev-2_06-23.pdf,https://www.climbingtechnology.com/en/professional-en/textile_anchors/finch_plus,,
Climbing Technology,FINCH+ SHELTER 2m,ppe,Lanyards,,"EN 358:2018, EN 795:2012-B/C, EN 12841:2006-C (partial, see manual), TS 16415:2013-C",12,10,,,,,,,,7L92802HH (PILLAR SG) / 7L92802HHCT1 (PILLAR TG),https://www.climbingtechnology.com/wp-content/uploads/2020/05/IST23-FIPLUCTS1-S2_rev-2_06-23.pdf,https://www.climbingtechnology.com/en/professional-en/textile_anchors/finch_plus_shelter,,
Climbing Technology,FINCH+ SHELTER 3m,ppe,Lanyards,,"EN 358:2018, EN 795:2012-B/C, EN 12841:2006-C (partial, see manual), TS 16415:2013-C",12,10,,,,,,,,7L92803HH (PILLAR SG) / 7L92803HHCT1 (PILLAR TG),https://www.climbingtechnology.com/wp-content/uploads/2020/05/IST23-FIPLUCTS1-S2_rev-2_06-23.pdf,https://www.climbingtechnology.com/en/professional-en/textile_anchors/finch_plus_shelter,,
Climbing Technology,FINCH+ SHELTER 4m,ppe,Lanyards,,"EN 358:2018, EN 795:2012-B/C, EN 12841:2006-C (partial, see manual), TS 16415:2013-C",12,10,,,,,,,,7L92804HH (PILLAR SG) / 7L92804HHCT1 (PILLAR TG),https://www.climbingtechnology.com/wp-content/uploads/2020/05/IST23-FIPLUCTS1-S2_rev-2_06-23.pdf,https://www.climbingtechnology.com/en/professional-en/textile_anchors/finch_plus_shelter,,
Climbing Technology,FINCH+ SHELTER 5m,ppe,Lanyards,,"EN 358:2018, EN 795:2012-B/C, EN 12841:2006-C (partial, see manual), TS 16415:2013-C",12,10,,,,,,,,7L92805HH (PILLAR SG) / 7L92805HHCT1 (PILLAR TG),https://www.climbingtechnology.com/wp-content/uploads/2020/05/IST23-FIPLUCTS1-S2_rev-2_06-23.pdf,https://www.climbingtechnology.com/en/professional-en/textile_anchors/finch_plus_shelter,,
Climbing Technology,FINCH+ STEEL 2m,ppe,Lanyards,,"EN 358:2018, EN 795:2012-B/C, EN 12841:2006-C (partial, see manual), TS 16415:2013-C",12,10,,,,,,,,7L92802HK (PILLAR SG) / 7L92802HKCT1 (PILLAR TG),https://www.climbingtechnology.com/wp-content/uploads/2020/05/IST23-FIPLUCTS1-S2_rev-2_06-23.pdf,https://www.climbingtechnology.com/en/professional-en/textile_anchors/finch_plus_steel,,
Climbing Technology,FINCH+ STEEL 3m,ppe,Lanyards,,"EN 358:2018, EN 795:2012-B/C, EN 12841:2006-C (partial, see manual), TS 16415:2013-C",12,10,,,,,,,,7L92803HK (PILLAR SG) / 7L92803HKCT1 (PILLAR TG),https://www.climbingtechnology.com/wp-content/uploads/2020/05/IST23-FIPLUCTS1-S2_rev-2_06-23.pdf,https://www.climbingtechnology.com/en/professional-en/textile_anchors/finch_plus_steel,,
Climbing Technology,FINCH+ STEEL 4m,ppe,Lanyards,,"EN 358:2018, EN 795:2012-B/C, EN 12841:2006-C (partial, see manual), TS 16415:2013-C",12,10,,,,,,,,7L92804HK (PILLAR SG) / 7L92804HKCT1 (PILLAR TG),https://www.climbingtechnology.com/wp-content/uploads/2020/05/IST23-FIPLUCTS1-S2_rev-2_06-23.pdf,https://www.climbingtechnology.com/en/professional-en/textile_anchors/finch_plus_steel,,
Climbing Technology,FINCH+ STEEL 5m,ppe,Lanyards,,"EN 358:2018, EN 795:2012-B/C, EN 12841:2006-C (partial, see manual), TS 16415:2013-C",12,10,,,,,,,,7L92805HK (PILLAR SG) / 7L92805HKCT1 (PILLAR TG),https://www.climbingtechnology.com/wp-content/uploads/2020/05/IST23-FIPLUCTS1-S2_rev-2_06-23.pdf,https://www.climbingtechnology.com/en/professional-en/textile_anchors/finch_plus_steel,,
Climbing Technology,FINCH+ COMBI 2m,ppe,Lanyards,,"EN 358:2018, EN 795:2012-B/C, EN 12841:2006-C (partial, see manual), TS 16415:2013-C",12,10,,,,,,,,7L92802HE (PILLAR SG) / 7L92802HECT1 (PILLAR TG),https://www.climbingtechnology.com/wp-content/uploads/2020/05/IST23-FIPLUCTS1-S2_rev-2_06-23.pdf,https://www.climbingtechnology.com/en/professional-en/textile_anchors/finch_plus_combi,,
Climbing Technology,FINCH+ COMBI 3m,ppe,Lanyards,,"EN 358:2018, EN 795:2012-B/C, EN 12841:2006-C (partial, see manual), TS 16415:2013-C",12,10,,,,,,,,7L92803HE (PILLAR SG) / 7L92803HECT1 (PILLAR TG),https://www.climbingtechnology.com/wp-content/uploads/2020/05/IST23-FIPLUCTS1-S2_rev-2_06-23.pdf,https://www.climbingtechnology.com/en/professional-en/textile_anchors/finch_plus_combi,,
Climbing Technology,FINCH+ COMBI 4m,ppe,Lanyards,,"EN 358:2018, EN 795:2012-B/C, EN 12841:2006-C (partial, see manual), TS 16415:2013-C",12,10,,,,,,,,7L92804HE (PILLAR SG) / 7L92804HECT1 (PILLAR TG),https://www.climbingtechnology.com/wp-content/uploads/2020/05/IST23-FIPLUCTS1-S2_rev-2_06-23.pdf,https://www.climbingtechnology.com/en/professional-en/textile_anchors/finch_plus_combi,,
Climbing Technology,FINCH+ COMBI 5m,ppe,Lanyards,,"EN 358:2018, EN 795:2012-B/C, EN 12841:2006-C (partial, see manual), TS 16415:2013-C",12,10,,,,,,,,7L92805HE (PILLAR SG) / 7L92805HECT1 (PILLAR TG),https://www.climbingtechnology.com/wp-content/uploads/2020/05/IST23-FIPLUCTS1-S2_rev-2_06-23.pdf,https://www.climbingtechnology.com/en/professional-en/textile_anchors/finch_plus_combi,,
Climbing Technology,FLEX REG 140,ppe,Lanyards,,"EN 355:2002, RFU PPE-R/11.074",12,10,,,140,,,,,7W12600,https://www.climbingtechnology.com/wp-content/uploads/2020/07/IST52-FL140CTS1-S2_rev-0_12-21.pdf,https://www.climbingtechnology.com/en/professional-en/lanyards_/fall-arrest/flex_reg_140,,
Climbing Technology,FLEX ABS 140 I-S 90cm,ppe,Lanyards,,"EN 355:2002, RFU PPE-R/11.074",12,10,,,140,,,,,7W917090O,https://www.climbingtechnology.com/wp-content/uploads/2019/01/IST52-FLEXSCTS1-S2_rev-0_12-21.pdf,https://www.climbingtechnology.com/en/professional-en/lanyards_/fall-arrest/flex_abs_140_i,,
Climbing Technology,FLEX ABS 140 I-L 170cm,ppe,Lanyards,,"EN 355:2002, RFU PPE-R/11.074",12,10,,,140,,,,,7W917170O,https://www.climbingtechnology.com/wp-content/uploads/2019/01/IST52-FLEXSCTS1-S2_rev-0_12-21.pdf,https://www.climbingtechnology.com/en/professional-en/lanyards_/fall-arrest/flex_abs_140_i,,
Climbing Technology,FLEX ABS 140 Y-S 90cm,ppe,Lanyards,,"EN 355:2002, RFU PPE-R/11.074",12,10,,,140,,,,,7W918090O,https://www.climbingtechnology.com/wp-content/uploads/2019/01/IST52-FLEXSCTS1-S2_rev-0_12-21.pdf,https://www.climbingtechnology.com/en/professional-en/lanyards_/fall-arrest/flex_abs_140_y,,
Climbing Technology,FLEX ABS 140 Y-L 170cm,ppe,Lanyards,,"EN 355:2002, RFU PPE-R/11.074",12,10,,,140,,,,,7W918170O,https://www.climbingtechnology.com/wp-content/uploads/2019/01/IST52-FLEXSCTS1-S2_rev-0_12-21.pdf,https://www.climbingtechnology.com/en/professional-en/lanyards_/fall-arrest/flex_abs_140_y,,
Climbing Technology,FLEX-ABS 140 COMBI I-S 115cm,ppe,Lanyards,,"EN 355:2002, RFU PPE-R/11.074",12,10,,,140,,,,,7W919115O,https://www.climbingtechnology.com/wp-content/uploads/2019/01/IST52-FLEXSCTS1-S2_rev-0_12-21.pdf,https://www.climbingtechnology.com/en/professional-en/lanyards_/fall-arrest/flex_abs_140_combi_i,,
Climbing Technology,FLEX-ABS 140 COMBI I-L 180cm,ppe,Lanyards,,"EN 355:2002, RFU PPE-R/11.074",12,10,,,140,,,,,7W919180O,https://www.climbingtechnology.com/wp-content/uploads/2019/01/IST52-FLEXSCTS1-S2_rev-0_12-21.pdf,https://www.climbingtechnology.com/en/professional-en/lanyards_/fall-arrest/flex_abs_140_combi_i,,
Climbing Technology,FLEX ABS 140 COMBI Y-S 115cm,ppe,Lanyards,,"EN 355:2002, RFU PPE-R/11.074",12,10,,,140,,,,,7W920115O,https://www.climbingtechnology.com/wp-content/uploads/2019/01/IST52-FLEXSCTS1-S2_rev-0_12-21.pdf,https://www.climbingtechnology.com/en/professional-en/lanyards_/fall-arrest/flex_abs_140_combi_y,,
Climbing Technology,FLEX ABS 140 COMBI Y-L 180cm,ppe,Lanyards,,"EN 355:2002, RFU PPE-R/11.074",12,10,,,140,,,,,7W920180O,https://www.climbingtechnology.com/wp-content/uploads/2019/01/IST52-FLEXSCTS1-S2_rev-0_12-21.pdf,https://www.climbingtechnology.com/en/professional-en/lanyards_/fall-arrest/flex_abs_140_combi_y,,
Climbing Technology,FLEX-ABS 140 STEEL I-S 110cm,ppe,Lanyards,,"EN 355:2002, RFU PPE-R/11.074",12,10,,,140,,,,,7W921110O,https://www.climbingtechnology.com/wp-content/uploads/2019/01/IST52-FLEXSCTS1-S2_rev-0_12-21.pdf,https://www.climbingtechnology.com/en/professional-en/lanyards_/fall-arrest/flex_abs_140_steel_i,,
Climbing Technology,FLEX-ABS 140 STEEL I-L 180cm,ppe,Lanyards,,"EN 355:2002, RFU PPE-R/11.074",12,10,,,140,,,,,7W921180O,https://www.climbingtechnology.com/wp-content/uploads/2019/01/IST52-FLEXSCTS1-S2_rev-0_12-21.pdf,https://www.climbingtechnology.com/en/professional-en/lanyards_/fall-arrest/flex_abs_140_steel_i,,
Climbing Technology,FLEX ABS 140 STEEL Y-S 110cm,ppe,Lanyards,,"EN 355:2002, RFU PPE-R/11.074",12,10,,,140,,,,,7W922110O,https://www.climbingtechnology.com/wp-content/uploads/2019/01/IST52-FLEXSCTS1-S2_rev-0_12-21.pdf,https://www.climbingtechnology.com/en/professional-en/lanyards_/fall-arrest/flex_abs_140_steel_y,,
Climbing Technology,FLEX ABS 140 STEEL Y-L 180cm,ppe,Lanyards,,"EN 355:2002, RFU PPE-R/11.074",12,10,,,140,,,,,7W922180O,https://www.climbingtechnology.com/wp-content/uploads/2019/01/IST52-FLEXSCTS1-S2_rev-0_12-21.pdf,https://www.climbingtechnology.com/en/professional-en/lanyards_/fall-arrest/flex_abs_140_steel_y,,
Climbing Technology,FLEX ABS 140,ppe,Lanyards,,EN 355:2002,12,10,,,140,,,,,7W923O,https://www.climbingtechnology.com/wp-content/uploads/2019/01/IST52-FLEXSCTS1-S2_rev-0_12-21.pdf,https://www.climbingtechnology.com/en/professional-en/lanyards_/fall-arrest/flex_abs_140,,
Climbing Technology,DYNAMIX 60cm,ppe,Lanyards,PA,"EN 354:2010, EN 795:2012-B",12,10,22 kN,,100,,,,,7W133060,https://www.climbingtechnology.com/wp-content/uploads/2015/06/IST52-TECHOCTS_rev-0_12-21.pdf,https://www.climbingtechnology.com/en/professional-en/textile_anchors/dynamix,,
Climbing Technology,DYNAMIX 80cm,ppe,Lanyards,PA,"EN 354:2010, EN 795:2012-B",12,10,22 kN,,100,,,,,7W133080,https://www.climbingtechnology.com/wp-content/uploads/2015/06/IST52-TECHOCTS_rev-0_12-21.pdf,https://www.climbingtechnology.com/en/professional-en/textile_anchors/dynamix,,
Climbing Technology,DYNAMIX 100cm,ppe,Lanyards,PA,"EN 354:2010, EN 795:2012-B",12,10,22 kN,,100,,,,,7W133100,https://www.climbingtechnology.com/wp-content/uploads/2015/06/IST52-TECHOCTS_rev-0_12-21.pdf,https://www.climbingtechnology.com/en/professional-en/textile_anchors/dynamix,,
Climbing Technology,DYNAMIX 150cm,ppe,Lanyards,PA,"EN 354:2010, EN 795:2012-B",12,10,22 kN,,100,,,,,7W133150,https://www.climbingtechnology.com/wp-content/uploads/2015/06/IST52-TECHOCTS_rev-0_12-21.pdf,https://www.climbingtechnology.com/en/professional-en/textile_anchors/dynamix,,
Climbing Technology,DYNAMIX 200cm,ppe,Lanyards,PA,"EN 354:2010, EN 795:2012-B",12,10,22 kN,,100,,,,,7W133200,https://www.climbingtechnology.com/wp-content/uploads/2015/06/IST52-TECHOCTS_rev-0_12-21.pdf,https://www.climbingtechnology.com/en/professional-en/textile_anchors/dynamix,,
Climbing Technology,YPSILON,ppe,Lanyards,PA,"EN 354:2010, EN 566:2017",12,10,22 kN,,,,,,,7W12930060,https://www.climbingtechnology.com/wp-content/uploads/2015/06/IST52-YPLONCTS_rev-0_12-21.pdf,https://www.climbingtechnology.com/en/professional-en/lanyards_/restraint/ypsilon_,,
Climbing Technology,EASY ACCESS,ppe,Fall Arresters,,EN 12841:2006-A,12,10,,,,11,11,,,2F720,https://www.climbingtechnology.com/wp-content/uploads/2019/03/IST22-EASAECTS1-S2_rev-0_12-21.pdf,https://www.climbingtechnology.com/en/professional-en/lifelines7/rope_fall_arresters/easy_access,,
Climbing Technology,EASY SPEED,ppe,Fall Arresters,,"EN 353-2:2002, EN 12841:2006-A/B, RFU 11.075",12,10,,,,10.5,11,,,2F714,https://www.climbingtechnology.com/wp-content/uploads/2020/09/IST22-EASPECTS1-S2_rev-0_12-21.pdf,https://www.climbingtechnology.com/en/professional-en/lifelines7/rope_fall_arresters/easy_speed,https://www.climbingtechnology.com/en/alerts/02-march-2021-easy-speed,
Climbing Technology,LINK 20,no_ppe,Fall Arresters,,,,,,,,,,,,7W924020,https://www.climbingtechnology.com/wp-content/uploads/2019/03/IST52-LINKSCTA_rev-0_12-21.pdf,https://www.climbingtechnology.com/en/professional-en/lifelines7/rope_fall_arresters/link_20,,
Climbing Technology,LINK 40,no_ppe,Fall Arresters,,,,,,,,,,,,7W924040,https://www.climbingtechnology.com/wp-content/uploads/2019/03/IST52-LINKSCTA_rev-0_12-21.pdf,https://www.climbingtechnology.com/en/professional-en/lifelines7/rope_fall_arresters/link_40,,
Climbing Technology,LINK 30+,no_ppe,Fall Arresters,,,,,,,,,,,,7W925035,https://www.climbingtechnology.com/wp-content/uploads/2019/03/IST52-LINKSCTA_rev-0_12-21.pdf,https://www.climbingtechnology.com/en/professional-en/lifelines7/rope_fall_arresters/link_30,,
Climbing Technology,SKR-2,ppe,Fall Arresters,,"EN 353-2:2002, EN 12841:2006-A",12,10,,,,10.5,11,,,4F709,https://www.climbingtechnology.com/wp-content/uploads/2020/12/IST22-SKTWOCTS1-S2_rev-0_12-21.pdf,https://www.climbingtechnology.com/en/professional-en/lifelines7/rope_fall_arresters/skr-2,,
Climbing Technology,SKR+,ppe,Fall Arresters,,EN 353-2:2002,12,10,,,,,,,,4F710,https://www.climbingtechnology.com/wp-content/uploads/2019/02/IST22-SKPLUCTS_rev-0_12-21.pdf,https://www.climbingtechnology.com/en/professional-en/lifelines7/rope_fall_arresters/skr_plus,,
Climbing Technology,KIT 12,no_ppe,Fall Arresters,,,,,,,,,,,,KIT12,https://www.climbingtechnology.com/wp-content/uploads/2019/02/IST52-KIT12CTA_rev-0_12-21.pdf,https://www.climbingtechnology.com/en/professional-en/lifelines7/rope_fall_arresters/kit_12,,
Climbing Technology,SKC EVO+,ppe,Fall Arresters,,EN 353-1:2014+A1:2017,12,10,,,50-140,,,,,CL-003,https://www.climbingtechnology.com/wp-content/uploads/2023/11/IST22-4F726SKS_rev-1_03-24.pdf,https://www.climbingtechnology.com/en/professional-en/lifelines7/cable_fall_arresters/skc_evo_plus,,
Climbing Technology,CONCEPT SG,ppe,Connectors,Anodized light alloy,"EN 362:2004-B, EN 12275:2013-H",,10,23/10/8 kN,,,,,,,2C33800 WNE,,https://www.climbingtechnology.com/en/professional-en/connectors/concept7/concept_sg,,
Climbing Technology,CONCEPT SGL,ppe,Connectors,Anodized light alloy,"EN 362:2004-A/T, EN 12275:2013-H",,10,23/10/8 kN,,,,,,,2C33802L XTZ,,https://www.climbingtechnology.com/en/professional-en/connectors/concept7/concept_sgl,,
Climbing Technology,CONCEPT SGL HC,ppe,Connectors,Anodized light alloy,"EN 362:2004-A/T, EN 12275:2013-H",,10,23-10-8 kN,,,,,,,2C33802L SYB,,https://www.climbingtechnology.com/en/professional-en/connectors/concept7/concept_sgl_hc,,
Climbing Technology,CONCEPT TG,ppe,Connectors,Anodized light alloy,"EN 362:2004-B, EN 12275:2013-H",,10,23-8-8 kN,,,,,,,2C33900 XPH,,https://www.climbingtechnology.com/en/professional-en/connectors/concept7/concept_tg,,
Climbing Technology,CONCEPT TGL,ppe,Connectors,Anodized light alloy,"EN 362:2004-A/T, EN 12275:2013-H",,10,23-8-8 kN,,,,,,,2C3390L XPH,,https://www.climbingtechnology.com/en/professional-en/connectors/concept7/concept_tgl,,
Climbing Technology,CONCEPT WG,ppe,Connectors,Anodized light alloy,"EN 362:2004-B, EN 12275:2013-H",,10,23-12-8 kN,,,,,,,2C39900 ZPE,,https://www.climbingtechnology.com/en/professional-en/connectors/concept7/concept_wg,,
Climbing Technology,PILLAR PRO SG,ppe,Connectors,Anodized light alloy,"EN 362:2004-B, EN 12275:2013-B",,10,25/12/7 kN,,,,,,,2C39600 YDB / 2C39600 XZD,,https://www.climbingtechnology.com/en/professional-en/connectors/pillar_pro7/pillar_pro_sg,,
Climbing Technology,PILLAR PRO SGL,ppe,Connectors,Anodized light alloy,"EN 362:2004-A/T, EN 12275:2013-B",,10,25/12/7 kN,,,,,,,2C3960L ZSF,,https://www.climbingtechnology.com/en/professional-en/connectors/pillar_pro7/pillar_pro_sgl,,
Climbing Technology,PILLAR PRO SGL HC,ppe,Connectors,Anodized light alloy,"EN 362:2004-A/T, EN 12275:2013-B",,10,25/12/7 kN,,,,,,,2C3960L SYB,,https://www.climbingtechnology.com/en/professional-en/connectors/pillar_pro7/pillar_pro_sgl_hc,,
Climbing Technology,PILLAR PRO TG,ppe,Connectors,Anodized light alloy,"EN 362:2004-B, EN 12275:2013-B",,10,25/12/7 kN,,,,,,,2C39800 YLB / 2C39800 XZD,,https://www.climbingtechnology.com/en/professional-en/connectors/pillar_pro7/pillar_pro_tg,,
Climbing Technology,PILLAR PRO TGL,ppe,Connectors,Anodized light alloy,"EN 362:2004-B, EN 12275:2013-B",,10,25/12/7 kN,,,,,,,2C3980L XRA / 2C3980L XZD,,https://www.climbingtechnology.com/en/professional-en/connectors/pillar_pro7/pillar_pro_tgl,,
Climbing Technology,PILLAR PRO WG,ppe,Connectors,Anodized light alloy,"EN 362:2004-B, EN 12275:2013-B",,10,25/12/7 kN,,,,,,,2C39700 ZPE,,https://www.climbingtechnology.com/en/professional-en/connectors/pillar_pro7/pillar_pro_wg,,
Climbing Technology,PILLAR SG,ppe,Connectors,Anodized light alloy,"EN 362:2004-B, EN 12275:2013-B",,10,24-10-7 kN,,,,,,,2C46300 WBC / 2C46300 XTB / 2C46300 XZD,,https://www.climbingtechnology.com/en/professional-en/connectors/pillar7/pillar_sg,,
Climbing Technology,PILLAR WG,ppe,Connectors,Anodized light alloy,"EN 362:2004-B, EN 12275:2013-B",,10,24/8/7 kN,,,,,,,2C46400 ZPE / 2C46400 XTB,,https://www.climbingtechnology.com/en/professional-en/connectors/pillar7/pillar_wg,,
Climbing Technology,PILLAR WG HC,ppe,Connectors,Anodized light alloy,"EN 362:2004-B, EN 12275:2013-B",,10,24/8/7 kN,,,,,,,2C46400 SYB,,https://www.climbingtechnology.com/en/professional-en/connectors/pillar7/pillar_wg_hc,,
Climbing Technology,PILLAR TG,ppe,Connectors,Anodized light alloy,"EN 362:2004-B, EN 12275:2013-B",,10,24/8/7 kN,,,,,,,2C44600 YRC / 2C44600 XZD / 2C44600 XTB,,https://www.climbingtechnology.com/en/professional-en/connectors/pillar7/pillar_tg,,
Climbing Technology,PILLAR STEEL SG,ppe,Connectors,Zinc plated steel,"EN 362:2004-M, EN 12275:2013-B",,10,30/15/10 kN,,,,,,,3C4630A,,https://www.climbingtechnology.com/en/professional-en/connectors/pillar7/pillar_steel_sg,,
Climbing Technology,PILLAR STEEL TG,ppe,Connectors,Zinc plated steel,EN 362:2004-M,,10,30/15/10 kN,,,,,,,3C4460A,,https://www.climbingtechnology.com/en/professional-en/connectors/pillar7/pillar_steel_tg,,
Climbing Technology,SNAPPY SG,ppe,Connectors,Anodized light alloy,"EN 362:2004-B, EN 12275:2013-H",,10,23/10/9 kN,,,,,,,2C45900 WBG / 2C45900 XTB / 2C45900 XZD,,https://www.climbingtechnology.com/en/professional-en/connectors/snappy7/snappy_sg,,
Climbing Technology,SNAPPY TG,ppe,Connectors,Anodized light alloy,"EN 362:2004-B, EN 12275:2013-H",,10,23/8/9 kN,,,,,,,2C46100 YRC / 2C46100 XTB / 2C46100 XZD,,https://www.climbingtechnology.com/en/professional-en/connectors/snappy7/snappy_tg,,
Climbing Technology,SNAPPY STEEL SG,ppe,Connectors,Zinc plated steel,"EN 362:2004-M, EN 12275:2013-H",,10,40/15/15 kN,,,,,,,3C4590A,,https://www.climbingtechnology.com/en/professional-en/connectors/snappy7/snappy_steel_sg,,
Climbing Technology,SNAPPY STEEL TG,ppe,Connectors,Zinc plated steel,"EN 362:2004-M, EN 12275:2013-H",,10,40/15/15 kN,,,,,,,3C4610A,,https://www.climbingtechnology.com/en/professional-en/connectors/snappy7/snappy_steel_tg,,
Climbing Technology,D-SHAPE SG,ppe,Connectors,Anodized light alloy,"EN 362:2004-B, EN 12275:2013-B",,10,30/10/10 kN,,,,,,,2C47600 XTN / 2C47600 XTB / 2C47600 XZD,,https://www.climbingtechnology.com/en/professional-en/connectors/d-shape7/d-shape_sg,,
Climbing Technology,D-SHAPE WG,ppe,Connectors,Anodized light alloy,EN 362:2004-B,,10,30/8/10 kN,,,,,,,2C44900 ZPE,,https://www.climbingtechnology.com/en/professional-en/connectors/d-shape7/d-shape_wg,,
Climbing Technology,D-SHAPE TG,ppe,Connectors,Anodized light alloy,"EN 362:2004-B, EN 12275:2013-B",,10,30/8/10 kN,,,,,,,2C47700 YRC / 2C47700 XTB / 2C47700 XZD,,https://www.climbingtechnology.com/en/professional-en/connectors/d-shape7/d-shape_tg,,
Climbing Technology,D-SHAPE STEEL SG,ppe,Connectors,Zinc plated steel,"EN 362:2004-M, EN 12275:2013-B",,10,50/15/15 kN,,,,,,,3C4760A,,https://www.climbingtechnology.com/en/professional-en/connectors/d-shape7/d-shape_steel_sg,,
Climbing Technology,D-SHAPE STEEL TG,ppe,Connectors,Zinc plated steel,EN 362:2004-M,,10,50/15/15 kN,,,,,,,3C4770A,,https://www.climbingtechnology.com/en/professional-en/connectors/d-shape7/d-shape_steel_tg,,
Climbing Technology,D-SHAPE S-STEEL SG,ppe,Connectors,Polished stainless steel,EN 362:2004-B,,10,35/-/- kN,,,,,,,4C52800,,https://www.climbingtechnology.com/en/professional-en/connectors/d-shape7/d-shape_s-steel_sg,,
Climbing Technology,D-SHAPE S-STEEL TG,ppe,Connectors,Polished stainless steel,EN 362:2004-B,,10,35/-/- kN,,,,,,,4C53000,,https://www.climbingtechnology.com/en/professional-en/connectors/d-shape7/d-shape_s-steel_tg,,
Climbing Technology,LARGE SG,ppe,Connectors,Anodized light alloy,"EN 362:2004-B, EN 12275:2013-B",,10,30/10/11 kN,,,,,,,2C45500 WBG / 2C45500 XTB / 2C45500 XZD,,https://www.climbingtechnology.com/en/professional-en/connectors/large7/large_sg,,
Climbing Technology,LARGE TG,ppe,Connectors,Anodized light alloy,"EN 362:2004-B, EN 12275:2013-B",,10,30/8/11 kN,,,,,,,2C46500 YRC / 2C46500 XTB,,https://www.climbingtechnology.com/en/professional-en/connectors/large7/large_tg,,
Climbing Technology,LARGE STEEL SG,ppe,Connectors,Zinc plated steel,EN 362:2004-M,,10,50/15/20 kN,,,,,,,3C4550A,,https://www.climbingtechnology.com/en/professional-en/connectors/large7/large_steel_sg,,
Climbing Technology,LARGE STEEL TG,ppe,Connectors,Zinc plated steel,EN 362:2004-M,,10,50/15/20 kN,,,,,,,3C4650A,,https://www.climbingtechnology.com/en/professional-en/connectors/large7/large_steel_tg,,
Climbing Technology,LARGE S-STEEL TGI,ppe,Connectors,Polished stainless steel,EN 362:2004-B,,10,35/-/- kN,,,,,,,4C465I0,,https://www.climbingtechnology.com/en/professional-en/connectors/large7/large_s-steel_tgi,,
Climbing Technology,OVAL S-STEEL SG,ppe,Connectors,Polished stainless steel,EN 362:2004-B,,10,25/-/- kN,,,,,,,4C52400,,https://www.climbingtechnology.com/en/professional-en/connectors/oval7/oval_s-steel_sg,,
Climbing Technology,KEY SG,ppe,Connectors,Anodized light alloy,EN 362:2004-A/T,,10,22/-/- kN,,,,,,,2C44400 XTB,,https://www.climbingtechnology.com/en/professional-en/connectors/key7/key_sg,,
Climbing Technology,KEY TG,ppe,Connectors,Anodized light alloy,EN 362:2004-A/T,,10,22/-/- kN,,,,,,,2C44500 YRC / 2C44500 XTB,,https://www.climbingtechnology.com/en/professional-en/connectors/key7/key_tg,,
Climbing Technology,NIMBLE SG,ppe,Connectors,Anodized light alloy,"EN 362:2004-B, EN 12275:2013-B",,10,26/9/10 kN,,,,,,,2C44202 WFB,,https://www.climbingtechnology.com/en/professional-en/connectors,,
Climbing Technology,XL-D SG,ppe,Connectors,Anodized light alloy,"EN 362:2004-B, EN 12275:2013-B",,10,28/12/10 kN,,,,,,,2C47800 ZPE / 2C47800 XZD,,https://www.climbingtechnology.com/en/professional-en/connectors/xl-d7/xl-d_sg,,
Climbing Technology,XL-D TG,ppe,Connectors,Anodized light alloy,"EN 362:2004-B, EN 12275:2013-B",,10,28/12/10 kN,,,,,,,2C47900 ZPF / 2C47900 XZD,,https://www.climbingtechnology.com/en/professional-en/connectors/xl-d7/xl-d_tg,,
Climbing Technology,AXIS HMS SG,ppe,Connectors,Anodized light alloy,"EN 362:2004-B, EN 12275:2013-H",,10,25/10/7 kN,,,,,,,2C38500 ZZB,,https://www.climbingtechnology.com/en/professional-en/connectors/axis_hms7/axis_hms_sg,,
Climbing Technology,AXIS HMS SGL,ppe,Connectors,Anodized light alloy,"EN 362:2004-A/T, EN 12275:2013-H",,10,25/10/7 kN,,,,,,,2C3850L ZZB,,https://www.climbingtechnology.com/en/professional-en/connectors/axis_hms7/axis_hms_sgl,,
Climbing Technology,AXIS HMS TG,ppe,Connectors,Anodized light alloy,"EN 362:2004-B, EN 12275:2013-H",,10,25/8/7 kN,,,,,,,2C38600 XPE,,https://www.climbingtechnology.com/en/professional-en/connectors/axis_hms7/axis_hms_tg,,
Climbing Technology,AXIS HMS TGL,ppe,Connectors,Anodized light alloy,"EN 362:2004-A/T, EN 12275:2013-H",,10,25/8/7 kN,,,,,,,2C3860L XPE,,https://www.climbingtechnology.com/en/professional-en/connectors/axis_hms7/axis_hms_tgl,,
Climbing Technology,SHELTER EVO,ppe,Connectors,Anodized light alloy,EN 362:2004-A/T,,10,25/-/- kN,,,,,,,2C37000 WVA / 2C37000 XXA,,https://www.climbingtechnology.com/en/professional-en/connectors/shelter7/shelter_evo,,
Climbing Technology,K-ADVANCE SHELL,ppe,Connectors,Anodized light alloy,"EN 362:2004-A/T, EN 12275:2013-K",,10,30/12/12 kN,,,,,,,2C37300 ZP1 / 2C37300 XT1 / 2C37300 XWD,,https://www.climbingtechnology.com/en/professional-en/connectors/k-advance7/k-advance_shell,,
Climbing Technology,HOOK IT,ppe,Connectors,Anodized light alloy,EN 362:2004-A/T,,10,30/12/11 kN,,,,,,,2C363W0 ZP2,,https://www.climbingtechnology.com/en/professional-en/connectors/hook_it7/hook_it,,
Climbing Technology,JUMBO,ppe,Connectors,Anodized light alloy,EN 362:2004-A/T,,10,25/-/- kN,,,,,,,2C36002 XTB,,https://www.climbingtechnology.com/en/professional-en/connectors/jumbo7/jumbo,,
Climbing Technology,BIG,ppe,Connectors,Anodized light alloy,EN 362:2004-A/T,,10,25/-/- kN,,,,,,,2C35300 YJA / 2C35300 V1A / 2C35300 XXA,,https://www.climbingtechnology.com/en/professional-en/connectors/big7/big,,
Climbing Technology,GIANT,ppe,Connectors,Polished light alloy,EN 362:2004-A/T,,10,28/-/- kN,,,,,,,2C35502 V1A,,https://www.climbingtechnology.com/en/professional-en/connectors/giant7/giant,,
Climbing Technology,Q-LINK D 08,ppe,Connectors,Zinc plated steel,"EN 362:2004-Q, EN 12275:2013-Q",,10,27.5/10/- kN,,,,,,,3Q82208,,https://www.climbingtechnology.com/en/professional-en/connectors/q-link7/q-link_d_08,,
Climbing Technology,Q-LINK D 10,ppe,Connectors,Zinc plated steel,"EN 362:2004-Q, EN 12275:2013-Q",,10,45/10/- kN,,,,,,,3Q82210,,https://www.climbingtechnology.com/en/professional-en/connectors/q-link7/q-link_d_10,,
Climbing Technology,Q-LINK 08,ppe,Connectors,Zinc plated steel,"EN 362:2004-Q, EN 12275:2013-Q",,10,35/10/- kN,,,,,,,3Q82008,,https://www.climbingtechnology.com/en/professional-en/connectors/q-link7/q-link_08,,
Climbing Technology,Q-LINK 10,ppe,Connectors,Zinc plated steel,"EN 362:2004-Q, EN 12275:2013-Q",,10,55/10/- kN,,,,,,,3Q82010,,https://www.climbingtechnology.com/en/professional-en/connectors/q-link7/q-link_10,,
Climbing Technology,Q-LINK 07,ppe,Connectors,Zinc plated steel,"EN 362:2004-Q, EN 12275:2013-Q",,10,25/10/- kN,,,,,,,3Q82107,,https://www.climbingtechnology.com/en/professional-en/connectors/q-link7/q-link_07,,
Climbing Technology,Q-LINK TWIST,ppe,Connectors,Zinc plated steel,"EN 362:2004-Q, EN 12275:2013-Q",,10,32/10/- kN,,,,,,,3Q82608,,https://www.climbingtechnology.com/en/professional-en/connectors/q-link7/q-link_twist,,
Climbing Technology,Q-LINK HM,ppe,Connectors,Zinc plated steel,"EN 362:2004-Q, EN 12275:2013-Q",,10,45/10/- kN,,,,,,,3Q82310,,https://www.climbingtechnology.com/en/professional-en/connectors/q-link7/q-link_hm,,
Climbing Technology,Q-LINK D S-STEEL 07,ppe,Connectors,Polished stainless steel,"EN 362:2004-Q, EN 12275:2013-Q",,10,31/10/- kN,,,,,,,4Q82207,,https://www.climbingtechnology.com/en/professional-en/connectors/q-link7/q-link_d_s-steel_07,,
Climbing Technology,Q-LINK S-STEEL 08,ppe,Connectors,Polished stainless steel,"EN 362:2004-Q, EN 12275:2013-Q",,10,55/10/- kN,,,,,,,4Q82008,,https://www.climbingtechnology.com/en/professional-en/connectors/q-link7/q-link_s-steel_08,,
Climbing Technology,Q-LINK S-STEEL 07,ppe,Connectors,Polished stainless steel,"EN 362:2004-Q, EN 12275:2013-Q",,10,40/10/- kN,,,,,,,4Q82107,,https://www.climbingtechnology.com/en/professional-en/connectors/q-link7/q-link_s-steel_07,,
Climbing Technology,FIX PRO,no_ppe,Connectors,,,,,,,,,,,,6V828,https://www.climbingtechnology.com/wp-content/uploads/2022/01/IST46-RUFASCT_rev-0_12-21.pdf,https://www.climbingtechnology.com/en/professional-en/connectors/support7/fix_pro,,
Climbing Technology,FIX PRO+,no_ppe,Connectors,,,,,,,,,,,,6V843,,https://www.climbingtechnology.com/en/professional-en/connectors/support7/fix_pro_plus,,
Climbing Technology,OVX SG,ppe,Connectors,Anodized light alloy,"EN 12275:2013-B, EN 362:2004-B",,10,24/9/7 kN,,,,,,,2C50100SHG / 2C50100XZD,,https://www.climbingtechnology.com/en/professional-en/connectors/ovx7/ovx_sg,,
Climbing Technology,OVX TG,ppe,Connectors,Anodized light alloy,"EN 12275:2013-B, EN 362:2004-B",,10,24/9/7 kN,,,,,,,2C50200SHF / 2C50200XZD,,https://www.climbingtechnology.com/en/professional-en/connectors/ovx7/ovx_tg,,
Climbing Technology,FIXBAR,no_ppe,Connectors,,,,,,,,,,,,6V827,,https://www.climbingtechnology.com/en/professional-en/connectors/support7/fixbar,,
Climbing Technology,FIX-O,no_ppe,Connectors,,,,,,,,,,,,6V844,,https://www.climbingtechnology.com/en/professional-en/connectors/support7/fix-o_,,
Climbing Technology,GRYPHON ASCENDER size S-M,ppe,Harnesses,,"EN 361:2002, EN 358:2018, EN 813:2008",12,10,,,140,,,,,7H178BC,,https://www.climbingtechnology.com/en/professional-en/harnesses_/gryphon_ascender,,
Climbing Technology,GRYPHON ASCENDER size M-L,ppe,Harnesses,,"EN 361:2002, EN 358:2018, EN 813:2008",12,10,,,140,,,,,7H178CD,,https://www.climbingtechnology.com/en/professional-en/harnesses_/gryphon_ascender,,
Climbing Technology,GRYPHON ASCENDER size L-XL,ppe,Harnesses,,"EN 361:2002, EN 358:2018, EN 813:2008",12,10,,,140,,,,,7H178DE,,https://www.climbingtechnology.com/en/professional-en/harnesses_/gryphon_ascender,,
Climbing Technology,OVX TG HC,ppe,Connectors,Anodized light alloy (hard anti-wear coating),"EN 12275:2013-B, EN 362:2004-B",,10,24/9/7 kN,,,,,,,2C50200SYM,https://www.climbingtechnology.com/wp-content/uploads/2023/12/IST01-LOCONCTS_rev-1_06-24.pdf,https://www.climbingtechnology.com/en/professional-en/news_/connectors_new/ovx_tg_hc,,
Climbing Technology,D-SHAPE STEEL WG,ppe,Connectors,Zinc plated steel,EN 362:2004-M,,10,50/15/15 kN,,,,,,,3C4490A,https://www.climbingtechnology.com/wp-content/uploads/2023/12/IST01-LOCONCTS_rev-1_06-24.pdf,https://www.climbingtechnology.com/en/professional-en/connectors/d-shape7/d-shape_steel_wg,,
Climbing Technology,D-SHAPE STEEL TG ANSI,ppe,Connectors,Zinc plated steel,"EN 362:2004-M, ANSI Z359.12-2019",,10,50/16/15 kN,,,,,,,3C3250A,https://www.climbingtechnology.com/wp-content/uploads/2023/12/IST01-LOCONCTS_rev-1_06-24.pdf,https://www.climbingtechnology.com/en/professional-en/connectors/d-shape7/d-shape_steel_tg_ansi,,
Climbing Technology,LARGE STEEL TG ANSI,ppe,Connectors,Zinc plated steel,"EN 362:2004-M, ANSI Z359.12-2019",,10,50/16/20 kN,,,,,,,3C3240A,https://www.climbingtechnology.com/wp-content/uploads/2023/12/IST01-LOCONCTS_rev-1_06-24.pdf,https://www.climbingtechnology.com/en/professional-en/connectors/large7/large_steel_tg_ansi,,
Climbing Technology,SHELTER STEEL,ppe,Connectors,Steel,EN 362:2004-A/T,,10,25/-/- kN,,,,,,,3C36900,https://www.climbingtechnology.com/wp-content/uploads/2023/12/IST01-LOCONCTS_rev-1_06-24.pdf,https://www.climbingtechnology.com/en/professional-en/connectors/shelter7/shelter_steel,,
Climbing Technology,K-ADVANCE,ppe,Connectors,Anodized light alloy,"EN 12275:2013-K, EN 362:2004-A/T",,10,33/12/12 kN,,,,,,,2C37200WBH,https://www.climbingtechnology.com/wp-content/uploads/2023/12/IST01-LOCONCTS_rev-1_06-24.pdf,https://www.climbingtechnology.com/en/professional-en/connectors/k-advance7/k-advance_,,
Climbing Technology,SPARROW 200R,ppe,Descenders,Anodized light alloy,"EN 12841:2006-C, EN 341:2011-2A",,10,,,,11,11,,,2D66400 WB5 / 2D66400 XZ0,https://www.climbingtechnology.com/wp-content/uploads/2019/12/IST22-SPARRCTS1-S2_rev-0_12-21.pdf,https://www.climbingtechnology.com/en/professional-en/descenders/sparrow_200r,,
Climbing Technology,SPARROW,ppe,Descenders,Anodized light alloy,"EN 12841:2006-C, EN 341:2011-2A",,10,,,,10.5,11,,,2D64600 ZP0 / 2D64600 XZ0,,https://www.climbingtechnology.com/en/professional-en/descenders,,
Climbing Technology,OTTO L,ppe,Descenders,Anodized light alloy,EN 15151-2:2012 type 2,,10,35 kN,,,7.3,10.5,,,2D603,https://www.climbingtechnology.com/wp-content/uploads/2019/01/IST22-OTTOSCTS_rev-0_12-21.pdf,https://www.climbingtechnology.com/en/professional-en/descenders/otto_l,,
Climbing Technology,OTTO RESCUE,ppe,Descenders,Anodized light alloy,EN 15151-2:2012 type 2,,10,40 kN,,,7.8,13,,,2D617,https://www.climbingtechnology.com/wp-content/uploads/2019/01/IST22-OTTOSCTS_rev-0_12-21.pdf,https://www.climbingtechnology.com/en/professional-en/descenders/otto_r,,
Climbing Technology,OTTO RESCUE S-STEEL,ppe,Descenders,Stainless steel,,,10,40 kN,,,7.8,13,,,4D617,https://www.climbingtechnology.com/wp-content/uploads/2019/01/IST22-OTTOSCTS_rev-0_12-21.pdf,https://www.climbingtechnology.com/en/professional-en/descenders/otto_r_s-steel,,
Climbing Technology,OTTO RESCUE STEEL,ppe,Descenders,Zinc plated steel,,,10,40 kN,,,9,16,,,3D617,https://www.climbingtechnology.com/wp-content/uploads/2019/01/IST22-OTTOSCTS_rev-0_12-21.pdf,https://www.climbingtechnology.com/en/professional-en/descenders,,
Climbing Technology,QUICK'UP+ left,ppe,Rope Clamps,Anodized light alloy,"EN 567:2013, EN 12841:2006-B",,10,,,,8,13,,,2D639SJ,https://www.climbingtechnology.com/wp-content/uploads/2019/12/IST22-ASCENCTS1-S2_rev-0_12-21.pdf,https://www.climbingtechnology.com/en/professional-en/pulleys_and_rope_clamps/rope_clamps/quick_up_plus,,
Climbing Technology,QUICK'UP+ right,ppe,Rope Clamps,Anodized light alloy,"EN 567:2013, EN 12841:2006-B",,10,,,,8,13,,,2D639DJ,https://www.climbingtechnology.com/wp-content/uploads/2019/12/IST22-ASCENCTS1-S2_rev-0_12-21.pdf,https://www.climbingtechnology.com/en/professional-en/pulleys_and_rope_clamps/rope_clamps/quick_up_plus,,
Climbing Technology,QUICK ROLL left,ppe,Rope Clamps,Anodized light alloy,"EN 567:2013, EN 12841:2006-B",,10,,,,8,13,,,2D663SJ,https://www.climbingtechnology.com/wp-content/uploads/2019/12/IST22-ASCENCTS1-S2_rev-0_12-21.pdf,https://www.climbingtechnology.com/en/professional-en/pulleys_and_rope_clamps/rope_clamps/quick_roll,,
Climbing Technology,QUICK ROLL right,ppe,Rope Clamps,Anodized light alloy,"EN 567:2013, EN 12841:2006-B",,10,,,,8,13,,,2D663DJ,https://www.climbingtechnology.com/wp-content/uploads/2019/12/IST22-ASCENCTS1-S2_rev-0_12-21.pdf,https://www.climbingtechnology.com/en/professional-en/pulleys_and_rope_clamps/rope_clamps/quick_roll,,
Climbing Technology,CHEST ASCENDER+,ppe,Rope Clamps,Anodized light alloy,"EN 567:2013, EN 12841:2006-B",,10,,,,8,13,,,2D640NJ,https://www.climbingtechnology.com/wp-content/uploads/2019/12/IST22-ASCENCTS1-S2_rev-0_12-21.pdf,https://www.climbingtechnology.com/en/professional-en/pulleys_and_rope_clamps/rope_clamps/chest_ascender_plus,,
Climbing Technology,CHEST ASCENDER HC,ppe,Rope Clamps,Anodized light alloy (hard anti-wear coating),"EN 567:2013, EN 12841:2006-B",,10,,,,8,13,,,2D640NJSY,https://www.climbingtechnology.com/wp-content/uploads/2019/12/IST22-ASCENCTS1-S2_rev-0_12-21.pdf,https://www.climbingtechnology.com/en/professional-en/pulleys_and_rope_clamps/rope_clamps/chest_ascender_hc,,
Climbing Technology,ASCENDER SIMPLE+,ppe,Rope Clamps,Anodized light alloy,"EN 567:2013, EN 12841:2006-B",,10,,,,8,13,,,2D642DJ,https://www.climbingtechnology.com/wp-content/uploads/2019/12/IST22-ASCENCTS1-S2_rev-0_12-21.pdf,https://www.climbingtechnology.com/en/professional-en/pulleys_and_rope_clamps/rope_clamps/ascender_simple_plus,,
Climbing Technology,FOOT LOOP,no_ppe,Rope Clamps,Polyamide,,,,,,150,,,,,7W124,,https://www.climbingtechnology.com/en/professional-en/pulleys_and_rope_clamps,,
Climbing Technology,FOOT STEPS,no_ppe,Rope Clamps,Polyamide,,,,,,150,,,,,7W139,,https://www.climbingtechnology.com/en/professional-en/pulleys_and_rope_clamps,,
Climbing Technology,ORBITER F,ppe,Pulleys,Anodized light alloy,EN 12278:2007,,10,"30 kN (flagged: rockrun.com dealer source, not on official page text)",,,,13,,,2P663,https://www.climbingtechnology.com/wp-content/uploads/2015/06/IST12-PULLYCTS_rev-2_04-25.pdf,https://www.climbingtechnology.com/en/professional-en/pulleys_and_rope_clamps/pulleys_/orbiter_f,,
Climbing Technology,Rollnlock,ppe,Rope Clamps,,"EN 12841:2006-B, EN 567:2013, EN 12278:2007",,10,20 kN,100 kg (ascender mode) / 4 kN (rope clamp mode),,8,13,,,2D675,https://www.climbingtechnology.com/wp-content/uploads/2023/04/IST12-2D675CTS1-S2_rev-0_12-22.pdf,https://www.climbingtechnology.com/en/professional-en/pulleys_and_rope_clamps/pulleys_rope_clamps/rollnlock_,,
Climbing Technology,ORBITER A,ppe,Pulleys,Anodized light alloy,EN 12278:2007,,10,30 kN (flagged: elevatedclimbing.com dealer source),,,8,13,,,2P665,,https://www.climbingtechnology.com/en/professional-en/pulleys_and_rope_clamps/pulleys_/orbiter_a,,
Climbing Technology,ORBITER S,ppe,Pulleys,Anodized light alloy,EN 12278:2007,,10,,,,,13,,,2P660,,https://www.climbingtechnology.com/en/professional-en/pulleys_and_rope_clamps/pulleys_/orbiter_s,,
Climbing Technology,ORBITER M,ppe,Pulleys,Anodized light alloy,EN 12278:2007,,10,,,,,13,,,2P664,,https://www.climbingtechnology.com/en/professional-en/pulleys_and_rope_clamps/pulleys_/orbiter_m,,
Climbing Technology,ORBITER T,ppe,Pulleys,Anodized light alloy,EN 12278:2007,,10,50 kN (flagged: canyonstore.eu dealer source),,,8,13,,,2P662,,https://www.climbingtechnology.com/en/professional-en/pulleys_and_rope_clamps/pulleys_/orbiter_t,,
Climbing Technology,ORBITER L,ppe,Pulleys,Anodized light alloy,EN 12278:2007,,10,45-7.5 kN (flagged: secureheights.co.uk dealer source),12-2 kN (flagged: secureheights.co.uk dealer source),,,13,,,2P666,,https://www.climbingtechnology.com/en/professional-en/pulleys_and_rope_clamps/pulleys_/orbiter_l,,
Climbing Technology,ORBITER H,ppe,Pulleys,Anodized light alloy,EN 12278:2007,,10,45 kN (flagged: eventshop.info dealer source),12 kN (flagged: eventshop.info dealer source),,,13,,,2P667,,https://www.climbingtechnology.com/en/professional-en/pulleys_and_rope_clamps/pulleys_/orbiter_h,,
Climbing Technology,ORBITER D,ppe,Pulleys,Anodized light alloy,EN 12278:2007,,10,,,,,13,,,2P661,,https://www.climbingtechnology.com/en/professional-en/pulleys_and_rope_clamps/pulleys_/orbiter_d,,
Climbing Technology,CRIC,ppe,Rope Clamps,,"EN 12841:2006-B, EN 567:2013, EN 12278:2007",,10,20 kN,100 kg (ascender mode) / 4 kN (rope clamp mode),,8,12,,,2D67400WBSH,https://www.climbingtechnology.com/wp-content/uploads/2023/01/IST23-2D674CTS_rev1_03-23.pdf,https://www.climbingtechnology.com/en/professional-en/pulleys_and_rope_clamps/pulleys_rope_clamps/cric_,,
Climbing Technology,CRIC CORD,no_ppe,Rope Clamps,,,,,,,,,,,,2D674KIT01,,https://www.climbingtechnology.com/en/professional-en/pulleys_and_rope_clamps/pulleys_rope_clamps/cric_cord,,
Climbing Technology,UP ROLL,ppe,Pulleys,Anodized light alloy,EN 12278:2007,,10,30-7.5 kN (flagged: secureheights.co.uk dealer source),6-1.5 kN (flagged: secureheights.co.uk dealer source),,8,11,,,2P671,,https://www.climbingtechnology.com/en/professional-en/pulleys_and_rope_clamps/pulleys_/up_roll,,
Climbing Technology,UP LOCK,ppe,Pulleys,Anodized light alloy,EN 12278:2007,,10,,,,8,11,,,2P672,,https://www.climbingtechnology.com/en/professional-en/pulleys_and_rope_clamps/pulleys_/up_lock,,
Climbing Technology,QUICK'ARBOR H,ppe,Rope Clamps,Anodized light alloy,EN 12841:2006-B,,10,,,140,10,13,,,2D653HJ,,https://www.climbingtechnology.com/en/professional-en/pulleys_and_rope_clamps/rope_clamps/quick_arbor_h,,
Climbing Technology,QUICK STEP-A right,no_ppe,Rope Clamps,,,,,,,,,,,,2D654D,,https://www.climbingtechnology.com/en/professional-en/pulleys_and_rope_clamps/rope_clamps/quick_step-a,,
Climbing Technology,QUICK STEP-A left,no_ppe,Rope Clamps,,,,,,,,,,,,2D654S,,https://www.climbingtechnology.com/en/professional-en/pulleys_and_rope_clamps/rope_clamps/quick_step-a,,
Climbing Technology,QUICK STEP-S right,no_ppe,Rope Clamps,,,,,,,,8,13,,,2D655D,,https://www.climbingtechnology.com/en/professional-en/pulleys_and_rope_clamps/rope_clamps/quick_step-s,,
Climbing Technology,QUICK STEP-S left,no_ppe,Rope Clamps,,,,,,,,8,13,,,2D655S,,https://www.climbingtechnology.com/en/professional-en/pulleys_and_rope_clamps/rope_clamps/quick_step-s,,
Climbing Technology,QUICK STEP STRAP,no_ppe,Rope Clamps,,,,,,,,,,,,7K65400001 / 7K65400002,,https://www.climbingtechnology.com/en/professional-en/pulleys_and_rope_clamps/rope_clamps/quick_step_strap,,
Climbing Technology,DUETTO,ppe,Pulleys,Anodized light alloy,EN 12278:2007,,10,25 kN (flagged: parktropa.com dealer source),,,,13,,,2P654,,https://www.climbingtechnology.com/en/professional-en/pulleys_and_rope_clamps/pulleys_/duetto_,,
Climbing Technology,EASY RESCUE,ppe,Pulleys,Anodized light alloy,EN 12278:2007,,10,28 kN,5 kN,,,,,,,https://www.climbingtechnology.com/wp-content/uploads/2015/06/IST23-EARESCTS_rev-1_08-23.pdf,https://www.climbingtechnology.com/en/professional-en/pulleys_and_rope_clamps/pulleys_/easy_rescue,,
Climbing Technology,GRIZZLY,rigging,Pulleys,"Aluminium (pulleys/flanges), steel (axles)",,,10,80 kN,,,,,,,,,https://www.climbingtechnology.com/en/professional-en/pulleys_and_rope_clamps/pulleys_/grizzly,,
Climbing Technology,DUAL,ppe,Pulleys,Anodized light alloy,EN 12278:2007,,10,,,,,13,,,2P668,,https://www.climbingtechnology.com/en/professional-en/pulleys_and_rope_clamps/pulleys_/dual,,
Climbing Technology,QUICK TREE L,no_ppe,Rope Clamps,,,,,,,,,,,,,,https://www.climbingtechnology.com/en/professional-en/pulleys_and_rope_clamps/rope_clamps/quick_tree,,
Climbing Technology,QT UNIVERSAL,no_ppe,Rope Clamps,,,,,,,,,,,,4D661,,https://www.climbingtechnology.com/en/professional-en/pulleys_and_rope_clamps/rope_clamps/qt_universal,,
Climbing Technology,QT SPURS,no_ppe,Rope Clamps,,,,,,,,,,,,,,https://www.climbingtechnology.com/en/professional-en/pulleys_and_rope_clamps/rope_clamps/qt_spurs,,
