id,brand,name,product_type,category,material,standard,manufacturer_code,max_age_use_years,max_age_mfr_years,breaking_strength,working_load_limit,max_user_weight_kg,rope_diameter_min_mm,rope_diameter_max_mm,serial_number_location,interval_override_months,manual_url,product_page_url,recall_url,recall_date,inspection_notice_url,inspection_notice_date,notes
,All Gear,Tree Access ANSI ST Climbing Saddle,ppe,climbing_harness,,,AGTAST-S-L / AGTAST-L-XXL,,,,,,,,,,,https://www.allgearinc.com/arboristharness/climbingharness.html,,,,,"Fabriekswebsite allgearinc.com is met geautomatiseerde tools NIET bereikbaar: elke request (ook non-HTML paden zoals robots.txt en losse PDF's) wordt door een sgcaptcha-botcheck omgeleid, ook via wayback machine niet te achterhalen. Specs daarom via doorverkopers (Rescue Supply, Raptor Supplies, jlmatthews.com) die AGI-productcopy overnemen: 'meets CE, EN, ANSI, ASTM standards' zonder specifieke normnummers, industrial-grade webbing, high-density 3D foam padding, gesmede legering-verbindingspunten, dubbele ventrale bevestigingspunten + Float Ring, geschikt voor SRT/DdRT. Materiaal (precieze weefselsoort), exacte EN-normnummers, breeksterkte, WLL en max. gebruikersgewicht niet gepubliceerd/gevonden - bewust leeg gelaten i.p.v. gegokt. Handleiding niet gevonden (geen instructions-for-use PDF getraceerd via AGI, zoekmachines of doorverkopers)."
,All Gear,Tree Access ANSI-XT Climbing Harness Combo,ppe,harnesses,,,AGTAXT-S-L / AGTAXT-L-XXL,,,,,,,,,,,https://www.allgearinc.com/arboristharness/climbingharnesscombo.html,,,,,"Zelfde toegangsprobleem als AGTAST: allgearinc.com blokkeert alle geautomatiseerde requests (sgcaptcha). Volgens doorverkopers-copy (Rescue Supply, ISS-GO, jlmatthews.com): 'fully certified fall-arrest harness' met schoudergedeelte, bedoeld voor SRT en voor werkers die fall-arrest-certificering nodig hebben in bak/hoogwerker ('buckets and elevating platforms'); voldoet volgens fabrikant aan CE, EN, ANSI en ASTM (specifieke EN-nummers niet gepubliceerd/gevonden). Materiaal, breeksterkte, WLL en max. gebruikersgewicht niet gevonden - leeg gelaten. Handleiding niet gevonden."
,All Gear,The Deputy Tool-Racking Carabiner,no_ppe,other_non_ppe,gesmede aluminiumlegering (exacte legering niet gevonden),,,,,,,,,,,,,https://www.allgearinc.com/carabiner.html,,,,,"LET OP: dit is GEEN levensreddende PBM-connector maar een gereedschap-rackkarabijn ('tool-racking carabiner', diepe haak, hot forged bent gate, smooth key nose gate) bedoeld om aan arborist-saddles/werkharnassen te bevestigen voor gereedschap, niet voor het klimsysteem zelf. Sluittype daarom NIET ingevuld als screwgate/twistlock/supersafe/quadlock - dat zou gokken zijn; de beschrijving wijst op een niet-vergrendelende gebogen poort. Geen EN 362-certificering vermeld in de gevonden fabrikant-copy. Site allgearinc.com niet bereikbaar (botblokkade); info afkomstig van zoekmachine-snippets van de eigen AGI-pagina. Breeksterkte/WLL niet gevonden. Handleiding niet gevonden. Twijfel of dit product thuishoort in een PBM-catalogus; toegevoegd voor volledigheid met expliciete caveat."
,All Gear,Arborist Ring,rigging,anchor_hardware,gesmeed aluminium (bron noemt zowel 6061 als 6066 - niet eenduidig),,,,,,,,,,,,,https://www.allgearinc.com/ringsslings.html,,,,,"Lichtgewicht, textielvriendelijke ring voor het opzetten van ankerpunten in rigging (geen PBM-onderdeel voor het klimsysteem van de persoon). Fabrikant-eigen breeksterkte niet gevonden/gepubliceerd (concurrerende arborist-ringen van vergelijkbaar type liggen doorgaans op 23-30 kN, maar dat is NIET de AGI-specificatie en dus niet overgenomen). Site allgearinc.com niet bereikbaar via curl (botblokkade); info via zoekmachine-cache. Handleiding niet gevonden."
,Cresto,Core Active 1154 Full Body Harness,ppe,harnesses,Polyester NordGuard(tm) webbing; gegalvaniseerd stalen D-ringen; stalen gespen,EN 361:2002,1154 (art. 4793),,10,"D-ringen (voor+achter, gegalvaniseerd staal 45mm) >30 kN; min. breeksterkte gording 15 kN",,150,,,,,https://www.crestosafety.com/shop/attachment/download/7209-f972b429b2e32e0c4f351bbbee754d82,https://www.crestosafety.com/shop/products/fall-protection-harnesses/full-body-harnesess/cresto-core-active-1154-p-151.html,,,,,"Manual_url ZELF geverifieerd met curl: HTTP 200, content-type application/pdf (bestand 'Cresto Harness User Manual.pdf', ~9,9 MB) - dit is een generieke gebruikershandleiding die Cresto voor meerdere harnasmodellen gebruikt. One-size harnas. Keurende instantie (notified body): 1019, VVUU a.s. (Tsjechie). Werktemperatuur -40 tot +100 graden C. Levensduur fabrikant: 10 jaar + 2 jaar toegestane opslag (totaal max. 12 jaar vanaf productiedatum) - vandaar max_age_mfr_years=10 met deze kanttekening. Jaarlijkse keuring verplicht (standaardinterval, geen override). Gewicht van het harnas zelf niet gepubliceerd."
,Cresto,Core Active Rescue 1154R Full Body Harness,ppe,harnesses,Polyester NordGuard(tm) webbing; gegalvaniseerd stalen D-ringen (incl. extra dorsale rescue D-ring); stalen gespen,EN 361:2002 + EN 1497:2007 (rescue),1154R,,10,D-ringen (voor+achter+dorsale rescue-D-ring) gegalvaniseerd staal >30 kN,,150,,,,,https://www.crestosafety.com/shop/attachment/download/7278-8422b7168fe4a889a8ea863ec265c355,https://www.crestosafety.com/shop/products/fall-protection-harnesses/full-body-harnesess/cresto-core-active-rescue-1154r-p-149.html,,,,,"Manual_url ZELF geverifieerd met curl: HTTP 200, content-type application/pdf (bestand 'Evacuation Harness 6711 user manual.pdf', ~3,3 MB) - dit is de specifieke handleiding die op de eigen productpagina van dit model staat gekoppeld (afwijkend van de generieke 'Cresto Harness User Manual.pdf' bij de andere Cresto-modellen in deze levering; mogelijk omdat de rescue-D-ring als evacuatiepunt fungeert). Extra dorsale D-ring is ook gecertificeerd als volwaardig 'A'-bevestigingspunt. Werktemperatuur -40 tot +100 graden C. Levensduur 10+2 jaar (zie toelichting bij 1154). Jaarlijkse keuring verplicht. One-size."
,Cresto,Energy Pro 1136 Full Body Harness,ppe,harnesses,Polyester NordGuard(tm) webbing; aluminiumlegering gespen; gegalvaniseerd stalen D-ringen,"EN 361:2002, EN 358:2018, EN 813:2008",1136 (art. 1072),,10,"Voorste A-punt (textiele hoeklus) >15 kN; achterste A-punt (gegalvaniseerd staal 45mm) >30 kN; zij-D-ringen (gegalvaniseerd staal 70mm) >30 kN",,141,,,,,https://www.crestosafety.com/shop/attachment/download/7052-f972b429b2e32e0c4f351bbbee754d82,https://www.crestosafety.com/shop/products/fall-protection-harnesses/full-body-harnesess/cresto-energy-pro-1136-p-41.html,,,,,"Manual_url ZELF geverifieerd met curl: HTTP 200, content-type application/pdf (zelfde generieke 'Cresto Harness User Manual.pdf' als bij 1154, ~9,9 MB - Cresto hergebruikt 1 handleiding voor de hele harnasreeks). Bedoeld voor toren-/mastklimmers (energiesector); H-design, gereedschapslussen, aanhechtpunt voor evacuatieapparaat (o.a. RESQ Smartline X). Maten XS-S-M-L-XL, kleuren zwart/grijs en hi-vis geel. Werktemperatuur -40/+100 graden C, levensduur 10+2 jaar, jaarlijkse keuring verplicht. Gewicht harnas niet gepubliceerd."
,Cresto,Energy Pro Wind 1136WIND Full Body Harness,ppe,harnesses,Polyester NordGuard(tm) webbing; aluminiumlegering gespen; gegalvaniseerd stalen D-ringen,"EN 361:2002, EN 358:2018, EN 813:2008",1136WIND (art. 1073),,10,"Voorste A-punt (textiele hoeklus) >15 kN; achterste A-punt (gegalvaniseerd staal 45mm) >30 kN; zij-D-ringen (gegalvaniseerd staal 70mm) >30 kN",,141,,,,,https://www.crestosafety.com/shop/attachment/download/7056-f972b429b2e32e0c4f351bbbee754d82,https://www.crestosafety.com/shop/products/fall-protection-harnesses/full-body-harnesess/cresto-energy-pro-1136-wind-p-27.html,,,,,"Manual_url ZELF geverifieerd met curl: HTTP 200, content-type application/pdf (zelfde generieke 'Cresto Harness User Manual.pdf', ~9,9 MB). Windturbine-variant van de Energy Pro 1136: lichter, extra lussen voor gereedschapstassen, rugplaat tegen wrijving bij mastklimmen. Min. gebruikersgewicht 30 kg volgens fabrikant (max. 141 kg ingevuld in max_user_weight_kg). Maten S/M/L/XL. Werktemperatuur -40/+100 graden C, levensduur 10+2 jaar, jaarlijkse keuring verplicht."
,Cresto,RESQ Smartline X Evacuation Descender,ppe,descenders,"Behuizing aluminium; lijn aramide (4,2mm, 16-vlechts kernloos)",EN 341:2011,Smartline X (art. 012230117 = 15m / 012230118 = 25m; ook 200m-versie leverbaar),,7,,,140,,,,,https://www.crestosafety.com/shop/attachment/download/3989-1f7c0d144f274642919259eda0c4af46,https://www.crestosafety.com/shop/products/rescue-evacuation/manual/smartline-x-p-75.html,,,,,"Manual_url ZELF geverifieerd met curl: HTTP 200, content-type application/pdf (bestand 'User Instructions Smartline X - version 3.pdf', ~509 KB). Handmatig afdaalapparaat voor evacuatie (geen SRL - EN 341 type 2, geen automatische rem, gebruiker regelt afdaalsnelheid 0,5-2 m/s). Min. gebruikersgewicht 60 kg (niet in eigen kolom te zetten, daarom hier vermeld) - max. 140 kg in max_user_weight_kg. Max. afdaallengte tot 200 m afhankelijk van uitvoering (rope_diameter-kolommen niet ingevuld: dit is geen los-diameterbereik-apparaat maar een vast ingebouwde aramide lijn van 4,2mm). Keurende instantie (notified body): 0200, FORCE Certification A/S (Denemarken). Werktemperatuur -25/+50 graden C. Levensduur 7 jaar mits ongeopende vacuumverpakking. Ontworpen voor gebruik in een noodsituatie; raadpleeg handleiding voor herbruikbaarheid na gebruik."
