brand,name,product_page_url,bron,status
Climbing Technology,Q-Link,https://www.climbingtechnology.com/en/professional-en/connectors/q-link7,zoekresultaat,specs nog ophalen
Climbing Technology,Axis HMS,https://www.climbingtechnology.com/en/professional-en/connectors/axis_hms7,zoekresultaat,specs nog ophalen
Climbing Technology,Key,https://www.climbingtechnology.com/en/professional-en/connectors/key7,zoekresultaat,specs nog ophalen
Climbing Technology,Pillar,https://www.climbingtechnology.com/en/professional-en/connectors/pillar7,zoekresultaat,specs nog ophalen
Climbing Technology,Pillar Pro,https://www.climbingtechnology.com/en/professional-en/connectors/pillar_pro7,zoekresultaat,specs nog ophalen
Climbing Technology,Large,https://www.climbingtechnology.com/en/professional-en/connectors/large7,zoekresultaat,specs nog ophalen
Climbing Technology,Hook It,https://www.climbingtechnology.com/en/professional-en/connectors/hook_it7,zoekresultaat,specs nog ophalen
Climbing Technology,Support,https://www.climbingtechnology.com/en/professional-en/connectors/support7,zoekresultaat,specs nog ophalen
Climbing Technology,Ovx,https://www.climbingtechnology.com/en/professional-en/connectors/ovx7,zoekresultaat,specs nog ophalen
Climbing Technology,Snappy SG,https://www.climbingtechnology.com/en/professional-en/connectors/snappy7/snappy_sg,zoekresultaat,specs nog ophalen
Climbing Technology,Snappy TG,https://www.climbingtechnology.com/en/professional-en/connectors/snappy7/snappy_tg,zoekresultaat,specs nog ophalen
Climbing Technology,Snappy Steel SG,https://www.climbingtechnology.com/en/professional-en/connectors/snappy7/snappy_steel_sg,zoekresultaat,specs nog ophalen
Climbing Technology,Snappy Steel TG,https://www.climbingtechnology.com/en/professional-en/connectors/snappy7/snappy_steel_tg,zoekresultaat,specs nog ophalen
Climbing Technology,Large Steel TGB ANSI,https://www.climbingtechnology.com/en/components/connectors-hooks/large-en2/large_steel_tgb_ansi,zoekresultaat,specs nog ophalen
